,cores,l1d_size,l1d_assoc,l2_size,l2_assoc,sim_name,sim_ticks
0,16,4,16,128,16,cholesky,1.46744E+11
1475,8,8,8,256,16,fft,1082242500
2,16,4,16,128,16,fmm,14231465000
3,16,4,16,128,16,lu,57291781250
4,16,4,16,128,16,ocean,21269052500
5,16,4,16,128,16,radix,10595505000
6,16,4,16,128,16,raytrace,603410000
7,16,4,16,128,2,cholesky,1.23081E+11
1482,8,8,8,256,2,fft,1082242500
9,16,4,16,128,2,fmm,14264811250
10,16,4,16,128,2,lu,58218335000
11,16,4,16,128,2,ocean,21257500000
12,16,4,16,128,2,radix,10614551250
13,16,4,16,128,2,raytrace,603410000
14,16,4,16,128,32,cholesky,1.47025E+11
1489,8,8,8,256,32,fft,1082242500
16,16,4,16,128,32,fmm,14240523750
17,16,4,16,128,32,lu,57888183750
18,16,4,16,128,32,ocean,21247737500
19,16,4,16,128,32,radix,10592710000
20,16,4,16,128,32,raytrace,603410000
21,16,4,16,128,4,cholesky,1.30416E+11
1496,8,8,8,256,4,fft,1082242500
23,16,4,16,128,4,lu,58445872500
24,16,4,16,128,4,ocean,21447218750
25,16,4,16,128,4,radix,10602865000
26,16,4,16,128,4,raytrace,603410000
27,16,4,16,128,8,cholesky,1.39649E+11
1503,8,8,8,256,8,fft,1082242500
29,16,4,16,128,8,fmm,14234631250
30,16,4,16,128,8,lu,58714898750
31,16,4,16,128,8,ocean,21474636250
32,16,4,16,128,8,radix,10596155000
33,16,4,16,128,8,raytrace,603410000
34,16,4,2,128,16,cholesky,1.40665E+11
35,16,4,2,128,16,fmm,15751248051
36,16,4,2,128,16,lu,44795156703
37,16,4,2,128,16,ocean,22762811269
38,16,4,2,128,16,radix,9662330337
39,16,4,2,128,16,raytrace,589574370
40,16,4,2,128,2,cholesky,1.16961E+11
41,16,4,2,128,2,fmm,15639089268
42,16,4,2,128,2,lu,45958769219
43,16,4,2,128,2,ocean,22447077290
44,16,4,2,128,2,radix,9677232180
45,16,4,2,128,2,raytrace,589574370
46,16,4,2,128,32,cholesky,1.40972E+11
47,16,4,2,128,32,fmm,15748674975
48,16,4,2,128,32,lu,45402817042
49,16,4,2,128,32,ocean,22767044179
50,16,4,2,128,32,radix,9661899269
51,16,4,2,128,32,raytrace,589574370
52,16,4,2,128,4,cholesky,1.24436E+11
1440,8,8,4,256,16,fft,1093236250
54,16,4,2,128,4,fmm,15732697684
55,16,4,2,128,4,lu,46030196520
56,16,4,2,128,4,ocean,22468084078
57,16,4,2,128,4,radix,9669489621
58,16,4,2,128,4,raytrace,589574370
59,16,4,2,128,8,cholesky,1.3371E+11
60,16,4,2,128,8,fmm,15743094422
61,16,4,2,128,8,lu,46155791737
62,16,4,2,128,8,ocean,22511067557
63,16,4,2,128,8,radix,9663662426
64,16,4,2,128,8,raytrace,589574370
65,16,4,32,128,16,cholesky,1.46172E+11
1447,8,8,4,256,2,fft,1093236250
67,16,4,32,128,16,fmm,13949806250
68,16,4,32,128,16,lu,63336157500
69,16,4,32,128,16,ocean,21343943750
70,16,4,32,128,16,radix,10594930000
71,16,4,32,128,16,raytrace,603115000
72,16,4,32,128,2,cholesky,1.22566E+11
1454,8,8,4,256,32,fft,1093236250
74,16,4,32,128,2,fmm,14010772500
75,16,4,32,128,2,lu,64098371250
76,16,4,32,128,2,ocean,21352338750
77,16,4,32,128,2,radix,10614856250
78,16,4,32,128,2,raytrace,603115000
79,16,4,32,128,32,cholesky,1.46487E+11
1461,8,8,4,256,4,fft,1093236250
81,16,4,32,128,32,fmm,13941758750
82,16,4,32,128,32,lu,63939950000
83,16,4,32,128,32,ocean,21337663750
84,16,4,32,128,32,radix,10593097500
85,16,4,32,128,32,raytrace,603115000
86,16,4,32,128,4,cholesky,1.29898E+11
1468,8,8,4,256,8,fft,1093236250
88,16,4,32,128,4,fmm,13965403750
89,16,4,32,128,4,lu,64351101250
90,16,4,32,128,4,ocean,21541678750
91,16,4,32,128,4,radix,10601617500
92,16,4,32,128,4,raytrace,603115000
93,16,4,32,128,8,cholesky,1.39135E+11
1375,8,8,2,256,16,fft,1094153750
95,16,4,32,128,8,fmm,13956318750
96,16,4,32,128,8,lu,64594407500
97,16,4,32,128,8,ocean,21577748750
98,16,4,32,128,8,radix,10593450000
99,16,4,32,128,8,raytrace,603115000
100,16,4,4,128,16,cholesky,1.39513E+11
1382,8,8,2,256,2,fft,1094153750
102,16,4,4,128,16,fmm,14008917857
103,16,4,4,128,16,lu,45111715044
104,16,4,4,128,16,ocean,20186653355
105,16,4,4,128,16,radix,9519306863
106,16,4,4,128,16,raytrace,586298031
107,16,4,4,128,2,cholesky,1.15901E+11
1389,8,8,2,256,32,fft,1094153750
109,16,4,4,128,2,fmm,13976736631
110,16,4,4,128,2,lu,46221441838
111,16,4,4,128,2,ocean,19964416692
112,16,4,4,128,2,radix,9539959242
113,16,4,4,128,2,raytrace,586298031
114,16,4,4,128,32,cholesky,1.39809E+11
1396,8,8,2,256,4,fft,1094153750
116,16,4,4,128,32,fmm,14012891904
117,16,4,4,128,32,lu,45723932705
118,16,4,4,128,32,ocean,20179496293
119,16,4,4,128,32,radix,9518661372
120,16,4,4,128,32,raytrace,586298031
121,16,4,4,128,4,cholesky,1.23202E+11
1403,8,8,2,256,8,fft,1094153750
123,16,4,4,128,4,fmm,14007142479
124,16,4,4,128,4,lu,46312793813
125,16,4,4,128,4,ocean,20132780965
126,16,4,4,128,4,radix,9532174465
127,16,4,4,128,4,raytrace,586298031
128,16,4,4,128,8,cholesky,1.3258E+11
572,2,64,32,512,16,fft,1110915472
130,16,4,4,128,8,fmm,13994179331
131,16,4,4,128,8,lu,46474895379
132,16,4,4,128,8,ocean,20175612237
133,16,4,4,128,8,radix,9519663494
134,16,4,4,128,8,raytrace,586298031
135,16,4,8,128,16,cholesky,1.46756E+11
586,2,64,32,512,32,fft,1110915472
137,16,4,8,128,16,fmm,14641428750
138,16,4,8,128,16,lu,51899641250
139,16,4,8,128,16,ocean,21340606250
140,16,4,8,128,16,radix,10592891250
141,16,4,8,128,16,raytrace,603903750
142,16,4,8,128,2,cholesky,1.2308E+11
593,2,64,32,512,4,fft,1110915472
144,16,4,8,128,2,fmm,14652276250
145,16,4,8,128,2,lu,52877152500
146,16,4,8,128,2,ocean,21312606250
147,16,4,8,128,2,radix,10611870000
148,16,4,8,128,2,raytrace,603903750
149,16,4,8,128,32,cholesky,1.47082E+11
600,2,64,32,512,8,fft,1110915472
151,16,4,8,128,32,fmm,14645398750
152,16,4,8,128,32,lu,52505245000
153,16,4,8,128,32,ocean,21295695000
154,16,4,8,128,32,radix,10591295000
155,16,4,8,128,32,raytrace,603903750
156,16,4,8,128,4,cholesky,1.30491E+11
502,2,64,16,512,16,fft,1110945478
158,16,4,8,128,4,fmm,14630768750
159,16,4,8,128,4,lu,53014007500
160,16,4,8,128,4,ocean,21501123750
161,16,4,8,128,4,radix,10601385000
162,16,4,8,128,4,raytrace,603903750
163,16,4,8,128,8,cholesky,1.39559E+11
516,2,64,16,512,32,fft,1110945478
165,16,4,8,128,8,fmm,14626985000
166,16,4,8,128,8,lu,53218958750
167,16,4,8,128,8,ocean,21527235000
168,16,4,8,128,8,radix,10591490000
169,16,4,8,128,8,raytrace,603903750
170,16,8,16,64,16,cholesky,1.5432E+11
523,2,64,16,512,4,fft,1110945478
172,16,8,16,64,16,fmm,13886430394
173,16,8,16,64,16,lu,59868780962
174,16,8,16,64,16,ocean,22059987440
175,16,8,16,64,16,radix,11122117063
176,16,8,16,64,16,raytrace,615748955
177,16,8,16,64,2,cholesky,1.48274E+11
530,2,64,16,512,8,fft,1110945478
179,16,8,16,64,2,fmm,13938074454
180,16,8,16,64,2,lu,60125193577
181,16,8,16,64,2,ocean,22939035361
182,16,8,16,64,2,radix,11083328287
183,16,8,16,64,2,raytrace,615748955
184,16,8,16,64,32,cholesky,1.53915E+11
607,2,64,4,512,16,fft,1111058834
186,16,8,16,64,32,fmm,13868645060
187,16,8,16,64,32,lu,59866191614
188,16,8,16,64,32,ocean,22022902032
189,16,8,16,64,32,radix,11059399682
190,16,8,16,64,32,raytrace,615748955
191,16,8,16,64,4,cholesky,1.49256E+11
621,2,64,4,512,32,fft,1111058834
193,16,8,16,64,4,fmm,13884294039
194,16,8,16,64,4,lu,60095787615
195,16,8,16,64,4,ocean,22964338664
196,16,8,16,64,4,radix,11068225186
197,16,8,16,64,4,raytrace,615748955
198,16,8,16,64,8,cholesky,1.52197E+11
199,16,8,16,64,8,fmm,13894184148
200,16,8,16,64,8,lu,59859109490
201,16,8,16,64,8,ocean,22218695038
202,16,8,16,64,8,radix,11084600097
203,16,8,16,64,8,raytrace,615748955
204,16,8,2,64,16,cholesky,1.42013E+11
628,2,64,4,512,4,fft,1111058834
206,16,8,2,64,16,fmm,12751303750
207,16,8,2,64,16,lu,54735332500
208,16,8,2,64,16,ocean,20823031250
209,16,8,2,64,16,radix,10006181250
210,16,8,2,64,16,raytrace,594160000
211,16,8,2,64,2,fmm,12737632500
212,16,8,2,64,32,cholesky,1.4318E+11
635,2,64,4,512,8,fft,1111058834
214,16,8,2,64,32,fmm,12800286250
215,16,8,2,64,32,lu,54956217500
216,16,8,2,64,32,ocean,20811838750
217,16,8,2,64,32,radix,9963685000
218,16,8,2,64,32,raytrace,600661250
219,16,8,2,64,4,fmm,12748758750
220,16,8,2,64,8,fmm,12738718750
221,16,8,2,64,8,lu,54716287500
222,16,8,2,64,8,radix,9976272500
223,16,8,32,64,16,cholesky,1.54329E+11
642,2,64,8,512,16,fft,1111293881
225,16,8,32,64,16,fmm,13926368086
226,16,8,32,64,16,lu,59866351662
227,16,8,32,64,16,ocean,22109522296
228,16,8,32,64,16,radix,11132671657
229,16,8,32,64,16,raytrace,615644638
230,16,8,32,64,2,cholesky,1.48279E+11
656,2,64,8,512,32,fft,1111293881
232,16,8,32,64,2,fmm,13981336000
233,16,8,32,64,2,lu,60142584507
234,16,8,32,64,2,ocean,22972118140
235,16,8,32,64,2,radix,11082758116
236,16,8,32,64,2,raytrace,615644638
237,16,8,32,64,32,cholesky,1.54006E+11
663,2,64,8,512,4,fft,1111293881
239,16,8,32,64,32,fmm,13905158868
240,16,8,32,64,32,lu,59884818629
241,16,8,32,64,32,ocean,22061656512
242,16,8,32,64,32,radix,11062423446
243,16,8,32,64,32,raytrace,615644638
244,16,8,32,64,4,cholesky,1.49416E+11
670,2,64,8,512,8,fft,1111293881
246,16,8,32,64,4,fmm,13921719549
247,16,8,32,64,4,lu,60112819866
248,16,8,32,64,4,ocean,23015732649
249,16,8,32,64,4,radix,11069251208
250,16,8,32,64,4,raytrace,615644638
251,16,8,32,64,8,cholesky,1.52156E+11
537,2,64,2,512,16,fft,1111318886
253,16,8,32,64,8,fmm,13922128243
254,16,8,32,64,8,lu,59893286883
255,16,8,32,64,8,ocean,22254814442
256,16,8,32,64,8,radix,11088556998
257,16,8,32,64,8,raytrace,615644638
258,16,8,4,64,16,cholesky,1.44289E+11
551,2,64,2,512,32,fft,1111318886
260,16,8,4,64,16,fmm,12217470000
261,16,8,4,64,16,lu,54474946250
262,16,8,4,64,16,ocean,20769298750
263,16,8,4,64,16,radix,9896538750
264,16,8,4,64,16,raytrace,592862500
265,16,8,4,64,2,cholesky,1.38864E+11
558,2,64,2,512,4,fft,1111318886
267,16,8,4,64,2,fmm,12295760000
268,16,8,4,64,2,lu,54767490000
269,16,8,4,64,2,ocean,21534935000
270,16,8,4,64,2,radix,9862388750
271,16,8,4,64,2,raytrace,592862500
272,16,8,4,64,32,cholesky,1.44156E+11
565,2,64,2,512,8,fft,1111318886
274,16,8,4,64,32,fmm,12203521250
275,16,8,4,64,32,lu,54487205000
276,16,8,4,64,32,ocean,20706956250
277,16,8,4,64,32,radix,9827535000
278,16,8,4,64,32,raytrace,592862500
279,16,8,4,64,4,cholesky,1.39623E+11
280,16,8,4,64,4,fmm,12237292500
281,16,8,4,64,4,lu,54715520000
282,16,8,4,64,4,ocean,21563580000
283,16,8,4,64,4,radix,9853483750
284,16,8,4,64,4,raytrace,592862500
285,16,8,4,64,8,cholesky,1.42373E+11
327,2,32,16,1024,16,fft,1111680625
287,16,8,4,64,8,fmm,12231907500
288,16,8,4,64,8,lu,54462555000
289,16,8,4,64,8,ocean,20888448750
290,16,8,4,64,8,radix,9864578750
291,16,8,4,64,8,raytrace,592862500
292,16,8,8,64,16,cholesky,1.45445E+11
334,2,32,16,1024,2,fft,1111680625
294,16,8,8,64,16,fmm,12249173750
295,16,8,8,64,16,lu,54480081250
296,16,8,8,64,16,ocean,20210678750
297,16,8,8,64,16,radix,9902598750
298,16,8,8,64,16,raytrace,592176250
299,16,8,8,64,2,cholesky,1.3983E+11
300,16,8,8,64,2,fmm,12335781250
301,16,8,8,64,2,lu,54780575000
302,16,8,8,64,2,ocean,21198091250
303,16,8,8,64,2,radix,9865021250
304,16,8,8,64,2,raytrace,592176250
305,16,8,8,64,32,cholesky,1.45052E+11
341,2,32,16,1024,32,fft,1111680625
307,16,8,8,64,32,fmm,12245002500
308,16,8,8,64,32,lu,54502230000
309,16,8,8,64,32,ocean,20168190000
310,16,8,8,64,32,radix,9828497500
311,16,8,8,64,32,raytrace,592176250
312,16,8,8,64,4,cholesky,1.40743E+11
348,2,32,16,1024,4,fft,1111680625
314,16,8,8,64,4,fmm,12271020000
315,16,8,8,64,4,lu,54736880000
316,16,8,8,64,4,ocean,21237592500
317,16,8,8,64,4,radix,9850865000
318,16,8,8,64,4,raytrace,592176250
319,16,8,8,64,8,cholesky,1.43335E+11
355,2,32,16,1024,8,fft,1111680625
321,16,8,8,64,8,fmm,12260027500
322,16,8,8,64,8,lu,54492200000
323,16,8,8,64,8,ocean,20393320000
324,16,8,8,64,8,radix,9859756250
325,16,8,8,64,8,raytrace,592176250
326,2,32,16,1024,16,cholesky,2.10532E+11
467,2,32,8,1024,16,fft,1111780645
328,2,32,16,1024,16,fmm,53858666246
329,2,32,16,1024,16,lu,1.05202E+11
330,2,32,16,1024,16,ocean,34939391481
331,2,32,16,1024,16,radix,74926552314
332,2,32,16,1024,16,raytrace,642336775
333,2,32,16,1024,2,cholesky,1.89992E+11
474,2,32,8,1024,2,fft,1111780645
335,2,32,16,1024,2,fmm,53927443332
336,2,32,16,1024,2,lu,1.04584E+11
337,2,32,16,1024,2,ocean,39305264481
338,2,32,16,1024,2,radix,74800642137
339,2,32,16,1024,2,raytrace,642336775
340,2,32,16,1024,32,cholesky,2.10523E+11
481,2,32,8,1024,32,fft,1111780645
342,2,32,16,1024,32,fmm,53858454537
343,2,32,16,1024,32,lu,1.06167E+11
344,2,32,16,1024,32,ocean,34641188519
345,2,32,16,1024,32,radix,74954127828
346,2,32,16,1024,32,raytrace,642336775
347,2,32,16,1024,4,cholesky,1.96854E+11
488,2,32,8,1024,4,fft,1111780645
349,2,32,16,1024,4,fmm,53870125204
350,2,32,16,1024,4,lu,1.04405E+11
351,2,32,16,1024,4,ocean,35181708268
352,2,32,16,1024,4,radix,74825957199
353,2,32,16,1024,4,raytrace,642336775
354,2,32,16,1024,8,cholesky,2.04719E+11
495,2,32,8,1024,8,fft,1111780645
356,2,32,16,1024,8,fmm,53852851750
357,2,32,16,1024,8,lu,1.04667E+11
358,2,32,16,1024,8,ocean,34793057220
359,2,32,16,1024,8,radix,74877459164
360,2,32,16,1024,8,raytrace,642336775
361,2,32,2,1024,16,cholesky,2.11026E+11
579,2,64,32,512,2,fft,1111862328
363,2,32,2,1024,16,fmm,40785322500
364,2,32,2,1024,16,lu,1.05285E+11
365,2,32,2,1024,16,ocean,34942898849
366,2,32,2,1024,16,radix,74959198842
367,2,32,2,1024,16,raytrace,643410323
368,2,32,2,1024,2,cholesky,1.90628E+11
397,2,32,32,1024,16,fft,1111904003
370,2,32,2,1024,2,fmm,40890800000
371,2,32,2,1024,2,lu,1.04646E+11
372,2,32,2,1024,2,ocean,39312582611
373,2,32,2,1024,2,radix,74825038682
374,2,32,2,1024,2,raytrace,643410323
375,2,32,2,1024,32,cholesky,2.11066E+11
404,2,32,32,1024,2,fft,1111904003
377,2,32,2,1024,32,fmm,40869196250
378,2,32,2,1024,32,lu,1.06269E+11
379,2,32,2,1024,32,ocean,34636787639
380,2,32,2,1024,32,radix,74996786358
381,2,32,2,1024,32,raytrace,643410323
382,2,32,2,1024,4,cholesky,1.97245E+11
411,2,32,32,1024,32,fft,1111904003
384,2,32,2,1024,4,fmm,40788743750
385,2,32,2,1024,4,lu,1.04465E+11
386,2,32,2,1024,4,ocean,35182541768
387,2,32,2,1024,4,radix,74851330606
388,2,32,2,1024,4,raytrace,643410323
389,2,32,2,1024,8,cholesky,2.05244E+11
418,2,32,32,1024,4,fft,1111904003
391,2,32,2,1024,8,fmm,40782937500
392,2,32,2,1024,8,lu,1.04736E+11
393,2,32,2,1024,8,ocean,34796287866
394,2,32,2,1024,8,radix,74905233051
395,2,32,2,1024,8,raytrace,643410323
396,2,32,32,1024,16,cholesky,2.10557E+11
425,2,32,32,1024,8,fft,1111904003
398,2,32,32,1024,16,fmm,53869353383
399,2,32,32,1024,16,lu,1.05085E+11
400,2,32,32,1024,16,ocean,34943632329
401,2,32,32,1024,16,radix,74925910519
402,2,32,32,1024,16,raytrace,642125066
403,2,32,32,1024,2,cholesky,1.89983E+11
432,2,32,4,1024,16,fft,1111985686
405,2,32,32,1024,2,fmm,53937488674
406,2,32,32,1024,2,lu,1.04578E+11
407,2,32,32,1024,2,ocean,39317508596
408,2,32,32,1024,2,radix,74799595261
409,2,32,32,1024,2,raytrace,642125066
410,2,32,32,1024,32,cholesky,2.10498E+11
439,2,32,4,1024,2,fft,1111985686
412,2,32,32,1024,32,fmm,53869141674
413,2,32,32,1024,32,lu,1.05925E+11
414,2,32,32,1024,32,ocean,34644882591
415,2,32,32,1024,32,radix,74954067816
416,2,32,32,1024,32,raytrace,642125066
417,2,32,32,1024,4,cholesky,1.96836E+11
446,2,32,4,1024,32,fft,1111985686
419,2,32,32,1024,4,fmm,53873055790
420,2,32,32,1024,4,lu,1.0438E+11
421,2,32,32,1024,4,ocean,35190491691
422,2,32,32,1024,4,radix,74825135368
423,2,32,32,1024,4,raytrace,642125066
424,2,32,32,1024,8,cholesky,2.04634E+11
453,2,32,4,1024,4,fft,1111985686
426,2,32,32,1024,8,fmm,53875929698
427,2,32,32,1024,8,lu,1.04613E+11
428,2,32,32,1024,8,ocean,34796044484
429,2,32,32,1024,8,radix,74876595658
430,2,32,32,1024,8,raytrace,642125066
431,2,32,4,1024,16,cholesky,2.10554E+11
460,2,32,4,1024,8,fft,1111985686
433,2,32,4,1024,16,fmm,40762998750
434,2,32,4,1024,16,lu,1.05203E+11
435,2,32,4,1024,16,ocean,34931983333
436,2,32,4,1024,16,radix,74937184440
437,2,32,4,1024,16,raytrace,642446797
438,2,32,4,1024,2,cholesky,1.90195E+11
509,2,64,16,512,2,fft,1112099042
440,2,32,4,1024,2,fmm,40838643750
441,2,32,4,1024,2,lu,1.04587E+11
442,2,32,4,1024,2,ocean,39309662027
443,2,32,4,1024,2,radix,74809175510
444,2,32,4,1024,2,raytrace,642446797
445,2,32,4,1024,32,cholesky,2.10501E+11
362,2,32,2,1024,16,fft,1112354093
447,2,32,4,1024,32,fmm,40821542500
448,2,32,4,1024,32,lu,1.06166E+11
449,2,32,4,1024,32,ocean,34631926667
450,2,32,4,1024,32,radix,74973129961
451,2,32,4,1024,32,raytrace,642446797
452,2,32,4,1024,4,cholesky,1.97012E+11
369,2,32,2,1024,2,fft,1112354093
454,2,32,4,1024,4,fmm,40762821250
455,2,32,4,1024,4,lu,1.04406E+11
456,2,32,4,1024,4,ocean,35175768747
457,2,32,4,1024,4,radix,74835704148
458,2,32,4,1024,4,raytrace,642446797
459,2,32,4,1024,8,cholesky,2.04737E+11
376,2,32,2,1024,32,fft,1112354093
461,2,32,4,1024,8,fmm,40761255000
462,2,32,4,1024,8,lu,1.04667E+11
463,2,32,4,1024,8,ocean,34782325074
464,2,32,4,1024,8,radix,74887147768
465,2,32,4,1024,8,raytrace,642446797
466,2,32,8,1024,16,cholesky,2.10544E+11
383,2,32,2,1024,4,fft,1112354093
468,2,32,8,1024,16,fmm,46377071806
469,2,32,8,1024,16,lu,1.05202E+11
470,2,32,8,1024,16,ocean,34924940258
471,2,32,8,1024,16,radix,74923323335
472,2,32,8,1024,16,raytrace,642240089
473,2,32,8,1024,2,cholesky,1.90138E+11
390,2,32,2,1024,8,fft,1112354093
475,2,32,8,1024,2,fmm,46468812177
476,2,32,8,1024,2,lu,1.04581E+11
477,2,32,8,1024,2,ocean,39300045104
478,2,32,8,1024,2,radix,74797246458
479,2,32,8,1024,2,raytrace,642240089
480,2,32,8,1024,32,cholesky,2.10548E+11
614,2,64,4,512,2,fft,1114176124
482,2,32,8,1024,32,fmm,46376608810
483,2,32,8,1024,32,lu,1.06168E+11
484,2,32,8,1024,32,ocean,34634447171
485,2,32,8,1024,32,radix,74951627328
486,2,32,8,1024,32,raytrace,642240089
487,2,32,8,1024,4,cholesky,1.96944E+11
649,2,64,8,512,2,fft,1114431175
489,2,32,8,1024,4,fmm,46383410850
490,2,32,8,1024,4,lu,1.04405E+11
491,2,32,8,1024,4,ocean,35175463686
492,2,32,8,1024,4,radix,74821996407
493,2,32,8,1024,4,raytrace,642240089
494,2,32,8,1024,8,cholesky,2.048E+11
544,2,64,2,512,2,fft,1114689560
496,2,32,8,1024,8,fmm,46380601436
497,2,32,8,1024,8,lu,1.04667E+11
498,2,32,8,1024,8,ocean,34779066089
499,2,32,8,1024,8,radix,74874055150
500,2,32,8,1024,8,raytrace,642240089
501,2,64,16,512,16,cholesky,2.21485E+11
1135,4,32,8,256,16,fft,1121147518
503,2,64,16,512,16,fmm,53887215288
504,2,64,16,512,16,lu,1.24028E+11
505,2,64,16,512,16,ocean,42803357293
506,2,64,16,512,16,radix,77464821533
507,2,64,16,512,16,raytrace,641805002
508,2,64,16,512,2,cholesky,2.19275E+11
1149,4,32,8,256,32,fft,1121147518
510,2,64,16,512,2,fmm,54377590010
511,2,64,16,512,2,lu,1.21223E+11
512,2,64,16,512,2,ocean,44742435031
513,2,64,16,512,2,radix,77095457675
514,2,64,16,512,2,raytrace,642018378
515,2,64,16,512,32,cholesky,2.21569E+11
1156,4,32,8,256,4,fft,1121147518
517,2,64,16,512,32,fmm,53863275501
518,2,64,16,512,32,lu,1.24149E+11
519,2,64,16,512,32,ocean,42760335357
520,2,64,16,512,32,radix,77500878743
521,2,64,16,512,32,raytrace,641805002
522,2,64,16,512,4,cholesky,2.1973E+11
1163,4,32,8,256,8,fft,1121147518
524,2,64,16,512,4,fmm,53921925562
525,2,64,16,512,4,lu,1.22987E+11
526,2,64,16,512,4,ocean,43572307719
527,2,64,16,512,4,radix,77379081055
528,2,64,16,512,4,raytrace,641805002
529,2,64,16,512,8,cholesky,2.2066E+11
1100,4,32,4,256,16,fft,1121250872
531,2,64,16,512,8,fmm,53914755795
532,2,64,16,512,8,lu,1.23727E+11
533,2,64,16,512,8,ocean,43011905661
534,2,64,16,512,8,radix,77422708112
535,2,64,16,512,8,raytrace,641805002
536,2,64,2,512,16,cholesky,2.21353E+11
1114,4,32,4,256,32,fft,1121250872
538,2,64,2,512,16,fmm,53936313439
539,2,64,2,512,16,lu,1.24117E+11
540,2,64,2,512,16,ocean,41920685794
541,2,64,2,512,16,radix,77484478797
542,2,64,2,512,16,raytrace,642101728
543,2,64,2,512,2,cholesky,2.19613E+11
1121,4,32,4,256,4,fft,1121250872
545,2,64,2,512,2,fmm,54406605812
546,2,64,2,512,2,lu,1.21373E+11
547,2,64,2,512,2,ocean,43819702188
548,2,64,2,512,2,radix,77159035388
549,2,64,2,512,2,raytrace,642315104
550,2,64,2,512,32,cholesky,2.21647E+11
1128,4,32,4,256,8,fft,1121250872
552,2,64,2,512,32,fmm,53906897557
553,2,64,2,512,32,lu,1.24261E+11
554,2,64,2,512,32,ocean,41852865566
555,2,64,2,512,32,radix,77514769854
556,2,64,2,512,32,raytrace,642101728
557,2,64,2,512,4,cholesky,2.19831E+11
995,4,32,16,256,16,fft,1121265875
559,2,64,2,512,4,fmm,53966154406
560,2,64,2,512,4,lu,1.23032E+11
561,2,64,2,512,4,ocean,42543286956
562,2,64,2,512,4,radix,77397656436
563,2,64,2,512,4,raytrace,642101728
564,2,64,2,512,8,cholesky,2.21202E+11
1009,4,32,16,256,32,fft,1121265875
566,2,64,2,512,8,fmm,53935231556
567,2,64,2,512,8,lu,1.23783E+11
568,2,64,2,512,8,ocean,42091835017
569,2,64,2,512,8,radix,77452957494
570,2,64,2,512,8,raytrace,642101728
571,2,64,32,512,16,cholesky,2.21429E+11
1016,4,32,16,256,4,fft,1121265875
573,2,64,32,512,16,fmm,53900632971
574,2,64,32,512,16,lu,1.24008E+11
575,2,64,32,512,16,ocean,42811382231
576,2,64,32,512,16,radix,77461809264
577,2,64,32,512,16,raytrace,641813337
578,2,64,32,512,2,cholesky,2.19331E+11
1023,4,32,16,256,8,fft,1121265875
580,2,64,32,512,2,fmm,54382010894
581,2,64,32,512,2,lu,1.21195E+11
582,2,64,32,512,2,ocean,44748496243
583,2,64,32,512,2,radix,77094500817
584,2,64,32,512,2,raytrace,642026713
585,2,64,32,512,32,cholesky,2.21617E+11
1065,4,32,32,256,16,fft,1121394234
587,2,64,32,512,32,fmm,53861995245
588,2,64,32,512,32,lu,1.24128E+11
589,2,64,32,512,32,ocean,42778782379
590,2,64,32,512,32,radix,77498861673
591,2,64,32,512,32,raytrace,641813337
592,2,64,32,512,4,cholesky,2.19745E+11
1079,4,32,32,256,32,fft,1121394234
594,2,64,32,512,4,fmm,53902351648
595,2,64,32,512,4,lu,1.22935E+11
596,2,64,32,512,4,ocean,43585487021
597,2,64,32,512,4,radix,77377995838
598,2,64,32,512,4,raytrace,641813337
599,2,64,32,512,8,cholesky,2.20664E+11
1086,4,32,32,256,4,fft,1121394234
601,2,64,32,512,8,fmm,53890730991
602,2,64,32,512,8,lu,1.23691E+11
603,2,64,32,512,8,ocean,43025018283
604,2,64,32,512,8,radix,77421514540
605,2,64,32,512,8,raytrace,641813337
606,2,64,4,512,16,cholesky,2.21223E+11
1093,4,32,32,256,8,fft,1121394234
608,2,64,4,512,16,fmm,53894373386
609,2,64,4,512,16,lu,1.24047E+11
610,2,64,4,512,16,ocean,42480907816
611,2,64,4,512,16,radix,77471142797
612,2,64,4,512,16,raytrace,641880017
613,2,64,4,512,2,cholesky,2.19453E+11
1142,4,32,8,256,2,fft,1121440910
615,2,64,4,512,2,fmm,54377716702
616,2,64,4,512,2,lu,1.21273E+11
617,2,64,4,512,2,ocean,44332071308
618,2,64,4,512,2,radix,77120672717
619,2,64,4,512,2,raytrace,641880017
620,2,64,4,512,32,cholesky,2.21724E+11
1002,4,32,16,256,2,fft,1121560934
622,2,64,4,512,32,fmm,53869830145
623,2,64,4,512,32,lu,1.24175E+11
624,2,64,4,512,32,ocean,42420715780
625,2,64,4,512,32,radix,77508181870
626,2,64,4,512,32,raytrace,641880017
627,2,64,4,512,4,cholesky,2.1981E+11
1107,4,32,4,256,2,fft,1121709297
629,2,64,4,512,4,fmm,53924507745
630,2,64,4,512,4,lu,1.23025E+11
631,2,64,4,512,4,ocean,43381619589
632,2,64,4,512,4,radix,77380421323
633,2,64,4,512,4,raytrace,641880017
634,2,64,4,512,8,cholesky,2.20766E+11
1072,4,32,32,256,2,fft,1121912671
636,2,64,4,512,8,fmm,53907175946
637,2,64,4,512,8,lu,1.23759E+11
638,2,64,4,512,8,ocean,42704185796
639,2,64,4,512,8,radix,77437346039
640,2,64,4,512,8,raytrace,641880017
641,2,64,8,512,16,cholesky,2.21428E+11
1030,4,32,2,256,16,fft,1122096041
643,2,64,8,512,16,fmm,53884451402
644,2,64,8,512,16,lu,1.2404E+11
645,2,64,8,512,16,ocean,42708915075
646,2,64,8,512,16,radix,77462332702
647,2,64,8,512,16,raytrace,642005042
648,2,64,8,512,2,cholesky,2.19333E+11
1044,4,32,2,256,32,fft,1122096041
650,2,64,8,512,2,fmm,54379213668
651,2,64,8,512,2,lu,1.21219E+11
652,2,64,8,512,2,ocean,44631641210
653,2,64,8,512,2,radix,77104456141
654,2,64,8,512,2,raytrace,642005042
655,2,64,8,512,32,cholesky,2.21583E+11
1051,4,32,2,256,4,fft,1122096041
657,2,64,8,512,32,fmm,53863027118
658,2,64,8,512,32,lu,1.24154E+11
659,2,64,8,512,32,ocean,42647319425
660,2,64,8,512,32,radix,77500028573
661,2,64,8,512,32,raytrace,642005042
662,2,64,8,512,4,cholesky,2.19774E+11
1058,4,32,2,256,8,fft,1122096041
664,2,64,8,512,4,fmm,53901478140
665,2,64,8,512,4,lu,1.22999E+11
666,2,64,8,512,4,ocean,43466561574
667,2,64,8,512,4,radix,77383601959
668,2,64,8,512,4,raytrace,642005042
669,2,64,8,512,8,cholesky,2.20662E+11
1037,4,32,2,256,2,fft,1122182725
671,2,64,8,512,8,fmm,53888485542
672,2,64,8,512,8,lu,1.23746E+11
673,2,64,8,512,8,ocean,42904630877
674,2,64,8,512,8,radix,77426313833
675,2,64,8,512,8,raytrace,642005042
676,32,4,16,32,16,cholesky,1.52424E+11
677,32,4,16,32,16,lu,61967090000
678,32,4,16,32,16,ocean,24222277500
679,32,4,16,32,16,radix,8404143750
680,32,4,16,32,16,raytrace,596320000
681,32,4,16,32,2,cholesky,1.46889E+11
890,4,16,32,512,16,fft,1122501122
683,32,4,16,32,2,lu,61729043750
684,32,4,16,32,2,ocean,24476166250
685,32,4,16,32,2,radix,8419241250
686,32,4,16,32,2,raytrace,596320000
687,32,4,16,32,32,cholesky,1.52887E+11
897,4,16,32,512,2,fft,1122501122
689,32,4,16,32,32,lu,62005778750
690,32,4,16,32,32,ocean,24160181250
691,32,4,16,32,32,radix,8396678750
692,32,4,16,32,32,raytrace,596320000
693,32,4,16,32,4,cholesky,1.47822E+11
694,32,4,16,32,4,lu,61897660000
695,32,4,16,32,4,ocean,24455270000
696,32,4,16,32,4,radix,8393730000
697,32,4,16,32,4,raytrace,596320000
698,32,4,16,32,8,cholesky,1.49415E+11
904,4,16,32,512,32,fft,1122501122
700,32,4,16,32,8,lu,61957687500
701,32,4,16,32,8,ocean,24437323750
702,32,4,16,32,8,radix,8391888750
703,32,4,16,32,8,raytrace,596320000
704,32,4,2,32,16,cholesky,1.46745E+11
911,4,16,32,512,4,fft,1122501122
706,32,4,2,32,16,lu,50162647678
707,32,4,2,32,16,ocean,22934285231
708,32,4,2,32,16,radix,7790881945
709,32,4,2,32,16,raytrace,583613855
710,32,4,2,32,2,cholesky,1.41943E+11
918,4,16,32,512,8,fft,1122501122
712,32,4,2,32,2,lu,50057515970
713,32,4,2,32,2,ocean,23162746827
714,32,4,2,32,2,radix,7827602717
715,32,4,2,32,2,raytrace,583613855
716,32,4,2,32,32,cholesky,1.48532E+11
960,4,16,8,512,16,fft,1124908270
718,32,4,2,32,32,lu,50273287724
719,32,4,2,32,32,ocean,22916835865
720,32,4,2,32,32,radix,7825000755
721,32,4,2,32,32,raytrace,589449938
722,32,4,2,32,4,cholesky,1.42812E+11
967,4,16,8,512,2,fft,1124908270
724,32,4,2,32,4,lu,50073963214
725,32,4,2,32,4,ocean,23145817409
726,32,4,2,32,4,radix,7805049417
727,32,4,2,32,4,raytrace,583613855
728,32,4,2,32,8,cholesky,1.43916E+11
974,4,16,8,512,32,fft,1124908270
730,32,4,2,32,8,lu,50128376661
731,32,4,2,32,8,ocean,23134301894
732,32,4,2,32,8,radix,7791075259
733,32,4,2,32,8,raytrace,583613855
734,32,4,32,32,16,cholesky,1.51947E+11
981,4,16,8,512,4,fft,1124908270
736,32,4,32,32,16,lu,68388492500
737,32,4,32,32,16,ocean,24246712500
738,32,4,32,32,16,radix,8392463750
739,32,4,32,32,16,raytrace,596551250
740,32,4,32,32,2,cholesky,1.46408E+11
988,4,16,8,512,8,fft,1124908270
742,32,4,32,32,2,lu,68216160000
743,32,4,32,32,2,ocean,24494875000
744,32,4,32,32,2,radix,8416486250
745,32,4,32,32,2,raytrace,596551250
746,32,4,32,32,32,cholesky,1.52283E+11
820,4,16,16,512,16,fft,1124961614
748,32,4,32,32,32,lu,68387423750
749,32,4,32,32,32,ocean,24183648750
750,32,4,32,32,32,radix,8400310000
751,32,4,32,32,32,raytrace,596551250
752,32,4,32,32,4,cholesky,1.47629E+11
827,4,16,16,512,2,fft,1124961614
754,32,4,32,32,4,lu,68321575000
755,32,4,32,32,4,ocean,24487617500
756,32,4,32,32,4,radix,8395685000
757,32,4,32,32,4,raytrace,596551250
758,32,4,32,32,8,cholesky,1.48913E+11
834,4,16,16,512,32,fft,1124961614
760,32,4,32,32,8,lu,68388621250
761,32,4,32,32,8,ocean,24469477500
762,32,4,32,32,8,radix,8390793750
763,32,4,32,32,8,raytrace,596551250
764,32,4,4,32,16,cholesky,1.45752E+11
841,4,16,16,512,4,fft,1124961614
766,32,4,4,32,16,lu,50701764872
767,32,4,4,32,16,ocean,22830122315
768,32,4,4,32,16,radix,7619803499
769,32,4,4,32,16,raytrace,580428618
770,32,4,4,32,2,cholesky,1.41017E+11
848,4,16,16,512,8,fft,1124961614
772,32,4,4,32,2,lu,50433728345
773,32,4,4,32,2,ocean,23052600065
774,32,4,4,32,2,radix,7661914843
775,32,4,4,32,2,raytrace,580428618
776,32,4,4,32,32,cholesky,1.4746E+11
777,32,4,4,32,32,lu,50739290008
778,32,4,4,32,32,ocean,22805619210
779,32,4,4,32,32,radix,7640280340
780,32,4,4,32,32,raytrace,586363580
781,32,4,4,32,4,cholesky,1.41947E+11
925,4,16,4,512,16,fft,1125430041
783,32,4,4,32,4,lu,50589692747
784,32,4,4,32,4,ocean,23031556614
785,32,4,4,32,4,radix,7636305182
786,32,4,4,32,4,raytrace,580428618
787,32,4,4,32,8,cholesky,1.42859E+11
788,32,4,4,32,8,lu,50656671604
789,32,4,4,32,8,radix,7615733906
790,32,4,8,32,16,cholesky,1.52489E+11
932,4,16,4,512,2,fft,1125430041
792,32,4,8,32,16,lu,56802223750
793,32,4,8,32,16,ocean,24272251250
794,32,4,8,32,16,radix,8398272500
795,32,4,8,32,16,raytrace,596300000
796,32,4,8,32,2,cholesky,1.46949E+11
939,4,16,4,512,32,fft,1125430041
798,32,4,8,32,2,lu,56567852500
799,32,4,8,32,2,ocean,24521995000
800,32,4,8,32,2,radix,8415568750
801,32,4,8,32,2,raytrace,596300000
802,32,4,8,32,32,cholesky,1.52901E+11
946,4,16,4,512,4,fft,1125430041
804,32,4,8,32,32,lu,56792133750
805,32,4,8,32,32,ocean,24199821250
806,32,4,8,32,32,radix,8398458750
807,32,4,8,32,32,raytrace,596300000
808,32,4,8,32,4,cholesky,1.47951E+11
809,32,4,8,32,4,lu,56724297500
810,32,4,8,32,4,ocean,24517015000
811,32,4,8,32,4,radix,8395040000
812,32,4,8,32,4,raytrace,596300000
813,32,4,8,32,8,cholesky,1.49417E+11
953,4,16,4,512,8,fft,1125430041
815,32,4,8,32,8,lu,56777958750
816,32,4,8,32,8,ocean,24495338750
817,32,4,8,32,8,radix,8394152500
818,32,4,8,32,8,raytrace,596300000
819,4,16,16,512,16,cholesky,1.69974E+11
855,4,16,2,512,16,fft,1126451912
821,4,16,16,512,16,fmm,26185983439
822,4,16,16,512,16,lu,79660347217
823,4,16,16,512,16,ocean,24861449629
824,4,16,16,512,16,radix,38115071490
825,4,16,16,512,16,raytrace,642791866
826,4,16,16,512,2,cholesky,1.48696E+11
862,4,16,2,512,2,fft,1126451912
828,4,16,16,512,2,fmm,26302216870
829,4,16,16,512,2,lu,79170639295
830,4,16,16,512,2,ocean,25248135284
831,4,16,16,512,2,radix,37974771769
832,4,16,16,512,2,raytrace,642791866
833,4,16,16,512,32,cholesky,1.69932E+11
869,4,16,2,512,32,fft,1126451912
835,4,16,16,512,32,fmm,26202468383
836,4,16,16,512,32,lu,80375195158
837,4,16,16,512,32,ocean,24870313068
838,4,16,16,512,32,radix,38141456766
839,4,16,16,512,32,raytrace,642791866
840,4,16,16,512,4,cholesky,1.55009E+11
876,4,16,2,512,4,fft,1126451912
842,4,16,16,512,4,fmm,26216405420
843,4,16,16,512,4,lu,79104324368
844,4,16,16,512,4,ocean,25258982453
845,4,16,16,512,4,radix,38003719224
846,4,16,16,512,4,raytrace,642791866
847,4,16,16,512,8,cholesky,1.63827E+11
883,4,16,2,512,8,fft,1126451912
849,4,16,16,512,8,fmm,26182643866
850,4,16,16,512,8,lu,79294280685
851,4,16,16,512,8,ocean,24829238188
852,4,16,16,512,8,radix,38061727490
853,4,16,16,512,8,raytrace,642791866
854,4,16,2,512,16,cholesky,1.7021E+11
1205,8,16,2,128,16,fft,1197864525
856,4,16,2,512,16,fmm,23227855000
857,4,16,2,512,16,lu,79745152508
858,4,16,2,512,16,ocean,24925397416
859,4,16,2,512,16,radix,38136045684
860,4,16,2,512,16,raytrace,644443863
861,4,16,2,512,2,cholesky,1.49125E+11
1219,8,16,2,128,32,fft,1197864525
863,4,16,2,512,2,fmm,23314836250
864,4,16,2,512,2,lu,79248494863
865,4,16,2,512,2,ocean,25297675190
866,4,16,2,512,2,radix,37996677816
867,4,16,2,512,2,raytrace,644443863
868,4,16,2,512,32,cholesky,1.70265E+11
1233,8,16,2,128,8,fft,1197864525
870,4,16,2,512,32,fmm,23224270000
871,4,16,2,512,32,lu,80461360721
872,4,16,2,512,32,ocean,24935836170
873,4,16,2,512,32,radix,38154796100
874,4,16,2,512,32,raytrace,644443863
875,4,16,2,512,4,cholesky,1.55437E+11
1247,8,16,32,128,2,fft,1209578534
877,4,16,2,512,4,fmm,23232465000
878,4,16,2,512,4,lu,79178650897
879,4,16,2,512,4,ocean,25313751738
880,4,16,2,512,4,radix,38025301873
881,4,16,2,512,4,raytrace,644443863
882,4,16,2,512,8,cholesky,1.643E+11
1226,8,16,2,128,4,fft,1212785842
884,4,16,2,512,8,fmm,23227740000
885,4,16,2,512,8,lu,79383741907
886,4,16,2,512,8,ocean,24888239986
887,4,16,2,512,8,radix,38083508512
888,4,16,2,512,8,raytrace,644443863
889,4,16,32,512,16,cholesky,1.69983E+11
1170,8,16,16,128,16,fft,1217200058
891,4,16,32,512,16,fmm,26194327370
892,4,16,32,512,16,lu,79586140712
893,4,16,32,512,16,ocean,24886146234
894,4,16,32,512,16,radix,38113182779
895,4,16,32,512,16,raytrace,642798534
896,4,16,32,512,2,cholesky,1.48742E+11
1184,8,16,16,128,32,fft,1217200058
898,4,16,32,512,2,fmm,26255961569
899,4,16,32,512,2,lu,79166341769
900,4,16,32,512,2,ocean,25268309318
901,4,16,32,512,2,radix,37973623206
902,4,16,32,512,2,raytrace,642798534
903,4,16,32,512,32,cholesky,1.70065E+11
1198,8,16,16,128,8,fft,1217200058
905,4,16,32,512,32,fmm,26191379343
906,4,16,32,512,32,lu,80218900572
907,4,16,32,512,32,ocean,24897605192
908,4,16,32,512,32,radix,38136787499
909,4,16,32,512,32,raytrace,642798534
910,4,16,32,512,4,cholesky,1.55052E+11
108,16,4,4,128,2,fft,1218155950
912,4,16,32,512,4,fmm,26206838265
913,4,16,32,512,4,lu,79087427656
914,4,16,32,512,4,ocean,25280446745
915,4,16,32,512,4,radix,38003227459
916,4,16,32,512,4,raytrace,642798534
917,4,16,32,512,8,cholesky,1.63883E+11
1240,8,16,32,128,16,fft,1227145380
919,4,16,32,512,8,fmm,26188731406
920,4,16,32,512,8,lu,79257498330
921,4,16,32,512,8,ocean,24849208848
922,4,16,32,512,8,radix,38059170312
923,4,16,32,512,8,raytrace,642798534
924,4,16,4,512,16,cholesky,1.69932E+11
1254,8,16,32,128,32,fft,1227145380
926,4,16,4,512,16,fmm,26219407749
927,4,16,4,512,16,lu,79667535321
928,4,16,4,512,16,ocean,24768936130
929,4,16,4,512,16,radix,38121142704
930,4,16,4,512,16,raytrace,642970235
931,4,16,4,512,2,cholesky,1.48748E+11
1268,8,16,32,128,8,fft,1227145380
933,4,16,4,512,2,fmm,26297188219
934,4,16,4,512,2,lu,79170524272
935,4,16,4,512,2,ocean,25147453485
936,4,16,4,512,2,radix,37980912997
937,4,16,4,512,2,raytrace,642970235
938,4,16,4,512,32,cholesky,1.69937E+11
1261,8,16,32,128,4,fft,1227828850
940,4,16,4,512,32,fmm,26220455206
941,4,16,4,512,32,lu,80372106207
942,4,16,4,512,32,ocean,24782952266
943,4,16,4,512,32,radix,38146679477
944,4,16,4,512,32,raytrace,642970235
945,4,16,4,512,4,cholesky,1.55019E+11
1191,8,16,16,128,4,fft,1228317281
947,4,16,4,512,4,fmm,26243749335
948,4,16,4,512,4,lu,79103032443
949,4,16,4,512,4,ocean,25164430213
950,4,16,4,512,4,radix,38010025485
951,4,16,4,512,4,raytrace,642970235
952,4,16,4,512,8,cholesky,1.63881E+11
1310,8,16,8,128,16,fft,1228599004
954,4,16,4,512,8,fmm,26217895867
955,4,16,4,512,8,lu,79295477591
956,4,16,4,512,8,ocean,24737224789
957,4,16,4,512,8,radix,38067025216
958,4,16,4,512,8,raytrace,642970235
959,4,16,8,512,16,cholesky,1.69839E+11
1324,8,16,8,128,32,fft,1228599004
961,4,16,8,512,16,fmm,26198281413
962,4,16,8,512,16,lu,79660337215
963,4,16,8,512,16,ocean,24821730020
964,4,16,8,512,16,radix,38114604730
965,4,16,8,512,16,raytrace,643226953
966,4,16,8,512,2,cholesky,1.48695E+11
1338,8,16,8,128,8,fft,1228599004
968,4,16,8,512,2,fmm,26294901819
969,4,16,8,512,2,lu,79169474062
970,4,16,8,512,2,ocean,25207323790
971,4,16,8,512,2,radix,37975816978
972,4,16,8,512,2,raytrace,643226953
973,4,16,8,512,32,cholesky,1.69903E+11
1317,8,16,8,128,2,fft,1229390829
975,4,16,8,512,32,fmm,26184950272
976,4,16,8,512,32,lu,80373413135
977,4,16,8,512,32,ocean,24835787831
978,4,16,8,512,32,radix,38138296134
979,4,16,8,512,32,raytrace,643226953
980,4,16,8,512,4,cholesky,1.55042E+11
101,16,4,4,128,16,fft,1229492594
982,4,16,8,512,4,fmm,26205596464
983,4,16,8,512,4,lu,79101420454
984,4,16,8,512,4,ocean,25221549968
985,4,16,8,512,4,radix,38005617937
986,4,16,8,512,4,raytrace,643226953
987,4,16,8,512,8,cholesky,1.63848E+11
115,16,4,4,128,32,fft,1229492594
989,4,16,8,512,8,fmm,26213948969
990,4,16,8,512,8,lu,79291851866
991,4,16,8,512,8,ocean,24794469569
992,4,16,8,512,8,radix,38062039219
993,4,16,8,512,8,raytrace,643226953
994,4,32,16,256,16,cholesky,1.77908E+11
122,16,4,4,128,4,fft,1229492594
996,4,32,16,256,16,fmm,30430054794
997,4,32,16,256,16,lu,91616156234
998,4,32,16,256,16,ocean,27696911608
999,4,32,16,256,16,radix,39355254477
1000,4,32,16,256,16,raytrace,642385118
1001,4,32,16,256,2,cholesky,1.75386E+11
129,16,4,4,128,8,fft,1229492594
1003,4,32,16,256,2,fmm,30868894211
1004,4,32,16,256,2,lu,91954045465
1005,4,32,16,256,2,ocean,30574335311
1006,4,32,16,256,2,radix,39244520668
1007,4,32,16,256,2,raytrace,642385118
1008,4,32,16,256,32,cholesky,1.77915E+11
1331,8,16,8,128,4,fft,1229937605
1010,4,32,16,256,32,fmm,30383148748
1011,4,32,16,256,32,lu,91741936385
1012,4,32,16,256,32,ocean,27697676761
1013,4,32,16,256,32,radix,39359316956
1014,4,32,16,256,32,raytrace,642385118
1015,4,32,16,256,4,cholesky,1.75781E+11
1275,8,16,4,128,16,fft,1231712960
1017,4,32,16,256,4,fmm,30456360054
1018,4,32,16,256,4,lu,91008406375
1019,4,32,16,256,4,ocean,28728762937
1020,4,32,16,256,4,radix,39234408646
1021,4,32,16,256,4,raytrace,642385118
1022,4,32,16,256,8,cholesky,1.76454E+11
1289,8,16,4,128,32,fft,1231712960
1024,4,32,16,256,8,fmm,30445487880
1025,4,32,16,256,8,lu,91675746483
1026,4,32,16,256,8,ocean,27661856265
1027,4,32,16,256,8,radix,39334935414
1028,4,32,16,256,8,raytrace,642385118
1029,4,32,2,256,16,cholesky,1.78433E+11
1303,8,16,4,128,8,fft,1231712960
1031,4,32,2,256,16,fmm,23215820000
1032,4,32,2,256,16,lu,91635038343
1033,4,32,2,256,16,ocean,26538573320
1034,4,32,2,256,16,radix,39372632952
1035,4,32,2,256,16,raytrace,643456999
1036,4,32,2,256,2,cholesky,1.75891E+11
1296,8,16,4,128,4,fft,1232381427
1038,4,32,2,256,2,fmm,23708838750
1039,4,32,2,256,2,lu,91829435548
1040,4,32,2,256,2,ocean,29329606415
1041,4,32,2,256,2,radix,39273439784
1042,4,32,2,256,2,raytrace,643456999
1043,4,32,2,256,32,cholesky,1.78107E+11
1212,8,16,2,128,2,fft,1234565197
1045,4,32,2,256,32,fmm,23169287500
1046,4,32,2,256,32,lu,91792298122
1047,4,32,2,256,32,ocean,26554974933
1048,4,32,2,256,32,radix,39362489257
1049,4,32,2,256,32,raytrace,643456999
1050,4,32,2,256,4,cholesky,1.76093E+11
1282,8,16,4,128,2,fft,1235290342
1052,4,32,2,256,4,fmm,23226773750
1053,4,32,2,256,4,lu,91057751242
1054,4,32,2,256,4,ocean,27736922942
1055,4,32,2,256,4,radix,39262514266
1056,4,32,2,256,4,raytrace,643456999
1057,4,32,2,256,8,cholesky,1.76786E+11
53,16,4,2,128,4,fft,1237404025
1059,4,32,2,256,8,fmm,23199680000
1060,4,32,2,256,8,lu,91541756357
1061,4,32,2,256,8,ocean,26465933795
1062,4,32,2,256,8,radix,39353502460
1063,4,32,2,256,8,raytrace,643456999
1064,4,32,32,256,16,cholesky,1.77915E+11
1177,8,16,16,128,2,fft,1240446373
1066,4,32,32,256,16,fmm,30438751533
1067,4,32,32,256,16,lu,91610873511
1068,4,32,32,256,16,ocean,27697853463
1069,4,32,32,256,16,radix,39354295952
1070,4,32,32,256,16,raytrace,642173409
1071,4,32,32,256,2,cholesky,1.75366E+11
66,16,4,32,128,16,fft,1263277500
1073,4,32,32,256,2,fmm,30880854936
1074,4,32,32,256,2,lu,91944528562
1075,4,32,32,256,2,ocean,30568834211
1076,4,32,32,256,2,radix,39244168931
1077,4,32,32,256,2,raytrace,642173409
1078,4,32,32,256,32,cholesky,1.77856E+11
80,16,4,32,128,32,fft,1263277500
1080,4,32,32,256,32,fmm,30406416734
1081,4,32,32,256,32,lu,91738087282
1082,4,32,32,256,32,ocean,27709704166
1083,4,32,32,256,32,radix,39358176728
1084,4,32,32,256,32,raytrace,642173409
1085,4,32,32,256,4,cholesky,1.75761E+11
87,16,4,32,128,4,fft,1263277500
1087,4,32,32,256,4,fmm,30484577363
1088,4,32,32,256,4,lu,91003245343
1089,4,32,32,256,4,ocean,28715411934
1090,4,32,32,256,4,radix,39236450721
1091,4,32,32,256,4,raytrace,642173409
1092,4,32,32,256,8,cholesky,1.76543E+11
94,16,4,32,128,8,fft,1263277500
1094,4,32,32,256,8,fmm,30448450139
1095,4,32,32,256,8,lu,91672495833
1096,4,32,32,256,8,ocean,27656753578
1097,4,32,32,256,8,radix,39334156925
1098,4,32,32,256,8,raytrace,642173409
1099,4,32,4,256,16,cholesky,1.77976E+11
73,16,4,32,128,2,fft,1264210000
1101,4,32,4,256,16,fmm,23200540000
1102,4,32,4,256,16,lu,91619623594
1103,4,32,4,256,16,ocean,27520663032
1104,4,32,4,256,16,radix,39357336560
1105,4,32,4,256,16,raytrace,642495140
1106,4,32,4,256,2,cholesky,1.75514E+11
1,16,4,16,128,16,fft,1267397500
1108,4,32,4,256,2,fmm,23694268750
1109,4,32,4,256,2,lu,91976298248
1110,4,32,4,256,2,ocean,30281555100
1111,4,32,4,256,2,radix,39251100317
1112,4,32,4,256,2,raytrace,642495140
1113,4,32,4,256,32,cholesky,1.77861E+11
15,16,4,16,128,32,fft,1267397500
1115,4,32,4,256,32,fmm,23142107500
1116,4,32,4,256,32,lu,91742241446
1117,4,32,4,256,32,ocean,27522723444
1118,4,32,4,256,32,radix,39358436780
1119,4,32,4,256,32,raytrace,642495140
1120,4,32,4,256,4,cholesky,1.75849E+11
22,16,4,16,128,4,fft,1267397500
1122,4,32,4,256,4,fmm,23221803750
1123,4,32,4,256,4,lu,90988007296
1124,4,32,4,256,4,ocean,28642884098
1125,4,32,4,256,4,radix,39239594683
1126,4,32,4,256,4,raytrace,642495140
1127,4,32,4,256,8,cholesky,1.76445E+11
28,16,4,16,128,8,fft,1267397500
1129,4,32,4,256,8,fmm,23191250000
1130,4,32,4,256,8,lu,91683222978
1131,4,32,4,256,8,ocean,27475794060
1132,4,32,4,256,8,radix,39338662826
1133,4,32,4,256,8,raytrace,642495140
1134,4,32,8,256,16,cholesky,1.78041E+11
8,16,4,16,128,2,fft,1271041250
1136,4,32,8,256,16,fmm,26305855104
1137,4,32,8,256,16,lu,91613760755
1138,4,32,8,256,16,ocean,27663623285
1139,4,32,8,256,16,radix,39356669760
1140,4,32,8,256,16,raytrace,642288432
1141,4,32,8,256,2,cholesky,1.75414E+11
143,16,4,8,128,2,fft,1279163750
1143,4,32,8,256,2,fmm,26775544540
1144,4,32,8,256,2,lu,91933639718
1145,4,32,8,256,2,ocean,30499251964
1146,4,32,8,256,2,radix,39248033037
1147,4,32,8,256,2,raytrace,642288432
1148,4,32,8,256,32,cholesky,1.77876E+11
205,16,8,2,64,16,fft,1279318750
1150,4,32,8,256,32,fmm,26267587913
1151,4,32,8,256,32,lu,91739447554
1152,4,32,8,256,32,ocean,27672798453
1153,4,32,8,256,32,radix,39356889804
1154,4,32,8,256,32,raytrace,642288432
1155,4,32,8,256,4,cholesky,1.7587E+11
136,16,4,8,128,16,fft,1282882500
1157,4,32,8,256,4,fmm,26335844098
1158,4,32,8,256,4,lu,91001106582
1159,4,32,8,256,4,ocean,28870577961
1160,4,32,8,256,4,radix,39238109386
1161,4,32,8,256,4,raytrace,642288432
1162,4,32,8,256,8,cholesky,1.76413E+11
150,16,4,8,128,32,fft,1282882500
1164,4,32,8,256,8,fmm,26315536579
1165,4,32,8,256,8,lu,91676044876
1166,4,32,8,256,8,ocean,27625790720
1167,4,32,8,256,8,radix,39339341295
1168,4,32,8,256,8,raytrace,642288432
1169,8,16,16,128,16,cholesky,1.60269E+11
157,16,4,8,128,4,fft,1282882500
1171,8,16,16,128,16,fmm,16833041255
1172,8,16,16,128,16,lu,75092183767
1173,8,16,16,128,16,ocean,22552167865
1174,8,16,16,128,16,radix,20627254626
1175,8,16,16,128,16,raytrace,642858546
1176,8,16,16,128,2,cholesky,1.57828E+11
164,16,4,8,128,8,fft,1282882500
1178,8,16,16,128,2,fmm,17211354715
1179,8,16,16,128,2,lu,76330216324
1180,8,16,16,128,2,ocean,22400295830
1181,8,16,16,128,2,radix,20608584226
1182,8,16,16,128,2,raytrace,642858546
1183,8,16,16,128,32,cholesky,1.6033E+11
306,16,8,8,64,32,fft,1287350000
1185,8,16,16,128,32,fmm,16803913948
1186,8,16,16,128,32,lu,75093749080
1187,8,16,16,128,32,ocean,22159397660
1188,8,16,16,128,32,radix,20537183282
1189,8,16,16,128,32,raytrace,642858546
1190,8,16,16,128,4,cholesky,1.58224E+11
313,16,8,8,64,4,fft,1300243750
1192,8,16,16,128,4,fmm,16871262718
1193,8,16,16,128,4,lu,75217732205
1194,8,16,16,128,4,ocean,22451387713
1195,8,16,16,128,4,radix,20582092262
1196,8,16,16,128,4,raytrace,642858546
1197,8,16,16,128,8,cholesky,1.59008E+11
293,16,8,8,64,16,fft,1301987500
1199,8,16,16,128,8,fmm,16840004772
1200,8,16,16,128,8,lu,75000352071
1201,8,16,16,128,8,ocean,22550149128
1202,8,16,16,128,8,radix,20577164610
1203,8,16,16,128,8,raytrace,642858546
1204,8,16,2,128,16,cholesky,1.60342E+11
320,16,8,8,64,8,fft,1303917500
1206,8,16,2,128,16,fmm,14980703750
1207,8,16,2,128,16,lu,75149938649
1208,8,16,2,128,16,ocean,21556157036
1209,8,16,2,128,16,radix,20665205548
1210,8,16,2,128,16,raytrace,644595560
1211,8,16,2,128,2,cholesky,1.5802E+11
213,16,8,2,64,32,fft,1308052500
1213,8,16,2,128,2,fmm,15288316250
1214,8,16,2,128,2,lu,76391950335
1215,8,16,2,128,2,ocean,21392387622
1216,8,16,2,128,2,radix,20659956165
1217,8,16,2,128,2,raytrace,644595560
1218,8,16,2,128,32,cholesky,1.60479E+11
273,16,8,4,64,32,fft,1308395000
1220,8,16,2,128,32,fmm,15004766250
1221,8,16,2,128,32,lu,75149305189
1222,8,16,2,128,32,ocean,21172940408
1223,8,16,2,128,32,radix,20572693716
1224,8,16,2,128,32,raytrace,644595560
1225,8,16,2,128,4,cholesky,1.5839E+11
259,16,8,4,64,16,fft,1318595000
1227,8,16,2,128,4,fmm,15019160000
1228,8,16,2,128,4,lu,75187494492
1229,8,16,2,128,4,ocean,21451924527
1230,8,16,2,128,4,radix,20617374317
1231,8,16,2,128,4,raytrace,644595560
1232,8,16,2,128,8,cholesky,1.5911E+11
266,16,8,4,64,2,fft,1322590000
1234,8,16,2,128,8,fmm,14989751250
1235,8,16,2,128,8,lu,75057381808
1236,8,16,2,128,8,ocean,21522043548
1237,8,16,2,128,8,radix,20610798002
1238,8,16,2,128,8,raytrace,644595560
1239,8,16,32,128,16,cholesky,1.60303E+11
286,16,8,4,64,8,fft,1323537500
1241,8,16,32,128,16,fmm,16831846611
1242,8,16,32,128,16,lu,75091895376
1243,8,16,32,128,16,ocean,22551764451
1244,8,16,32,128,16,radix,20629104996
1245,8,16,32,128,16,raytrace,642791866
1246,8,16,32,128,2,cholesky,1.57831E+11
192,16,8,16,64,4,fft,1337418248
1248,8,16,32,128,2,fmm,17221360573
1249,8,16,32,128,2,lu,76289333149
1250,8,16,32,128,2,ocean,22412339905
1251,8,16,32,128,2,radix,20609921160
1252,8,16,32,128,2,raytrace,642791866
1253,8,16,32,128,32,cholesky,1.60384E+11
178,16,8,16,64,2,fft,1339417419
1255,8,16,32,128,32,fmm,16799619803
1256,8,16,32,128,32,lu,75094192502
1257,8,16,32,128,32,ocean,22176727792
1258,8,16,32,128,32,radix,20535569626
1259,8,16,32,128,32,raytrace,642791866
1260,8,16,32,128,4,cholesky,1.58281E+11
185,16,8,16,64,32,fft,1348420119
1262,8,16,32,128,4,fmm,16875382525
1263,8,16,32,128,4,lu,75184808955
1264,8,16,32,128,4,ocean,22462074850
1265,8,16,32,128,4,radix,20588306838
1266,8,16,32,128,4,raytrace,642791866
1267,8,16,32,128,8,cholesky,1.59034E+11
171,16,8,16,64,16,fft,1350316402
1269,8,16,32,128,8,fmm,16843848782
1270,8,16,32,128,8,lu,75003249317
1271,8,16,32,128,8,ocean,22556622089
1272,8,16,32,128,8,radix,20579518414
1273,8,16,32,128,8,raytrace,642791866
1274,8,16,4,128,16,cholesky,1.60251E+11
245,16,8,32,64,4,fft,1365883928
1276,8,16,4,128,16,fmm,16840676402
1277,8,16,4,128,16,lu,75092973925
1278,8,16,4,128,16,ocean,22248135404
1279,8,16,4,128,16,radix,20639895487
1280,8,16,4,128,16,raytrace,643290299
1281,8,16,4,128,2,cholesky,1.57844E+11
224,16,8,32,64,16,fft,1365998248
1283,8,16,4,128,2,fmm,17088999448
1284,8,16,4,128,2,lu,76383288603
1285,8,16,4,128,2,ocean,22127969709
1286,8,16,4,128,2,radix,20621451799
1287,8,16,4,128,2,raytrace,643290299
1288,8,16,4,128,32,cholesky,1.60293E+11
231,16,8,32,64,2,fft,1367973126
1290,8,16,4,128,32,fmm,16811339032
1291,8,16,4,128,32,lu,75094309192
1292,8,16,4,128,32,ocean,21888025063
1293,8,16,4,128,32,radix,20546381788
1294,8,16,4,128,32,raytrace,643290299
1295,8,16,4,128,4,cholesky,1.58324E+11
252,16,8,32,64,8,fft,1376334205
1297,8,16,4,128,4,fmm,16875199613
1298,8,16,4,128,4,lu,75223658390
1299,8,16,4,128,4,ocean,22184137607
1300,8,16,4,128,4,radix,20589172011
1301,8,16,4,128,4,raytrace,643290299
1302,8,16,4,128,8,cholesky,1.5894E+11
238,16,8,32,64,32,fft,1395830052
1304,8,16,4,128,8,fmm,16850277853
1305,8,16,4,128,8,lu,74995591119
1306,8,16,4,128,8,ocean,22241062323
1307,8,16,4,128,8,radix,20585744659
1308,8,16,4,128,8,raytrace,643290299
1309,8,16,8,128,16,cholesky,1.60322E+11
782,32,4,4,32,4,fft,1682307308
1311,8,16,8,128,16,fmm,16825417540
1312,8,16,8,128,16,lu,75080893176
1313,8,16,8,128,16,ocean,22541845801
1314,8,16,8,128,16,radix,20635002842
1315,8,16,8,128,16,raytrace,643358646
1316,8,16,8,128,2,cholesky,1.57747E+11
765,32,4,4,32,16,fft,1689222172
1318,8,16,8,128,2,fmm,17050104926
1319,8,16,8,128,2,lu,76342923865
1320,8,16,8,128,2,ocean,22429353307
1321,8,16,8,128,2,radix,20616724187
1322,8,16,8,128,2,raytrace,643358646
1323,8,16,8,128,32,cholesky,1.60297E+11
771,32,4,4,32,2,fft,1697401354
1325,8,16,8,128,32,fmm,16800285717
1326,8,16,8,128,32,lu,75097649860
1327,8,16,8,128,32,ocean,22164545356
1328,8,16,8,128,32,radix,20540787336
1329,8,16,8,128,32,raytrace,643358646
1330,8,16,8,128,4,cholesky,1.58248E+11
682,32,4,16,32,2,fft,1781697500
1332,8,16,8,128,4,fmm,16865146598
1333,8,16,8,128,4,lu,75228906106
1334,8,16,8,128,4,ocean,22469309630
1335,8,16,8,128,4,radix,20581510479
1336,8,16,8,128,4,raytrace,643358646
1337,8,16,8,128,8,cholesky,1.58891E+11
735,32,4,32,32,16,fft,1785175000
1339,8,16,8,128,8,fmm,16832332471
1340,8,16,8,128,8,lu,75000283724
1341,8,16,8,128,8,ocean,22555136792
1342,8,16,8,128,8,radix,20580188548
1343,8,16,8,128,8,raytrace,643358646
1344,8,8,16,256,16,cholesky,1.48817E+11
1345,8,8,16,256,16,fmm,16907646487
1346,8,8,16,256,16,lu,58345469820
1347,8,8,16,256,16,ocean,19686918590
1348,8,8,16,256,16,radix,17555868038
1349,8,8,16,256,16,raytrace,615724662
1350,8,8,16,256,2,cholesky,1.26677E+11
1351,8,8,16,256,2,fmm,17007283512
1352,8,8,16,256,2,lu,58349536754
1353,8,8,16,256,2,ocean,20265990831
1354,8,8,16,256,2,radix,17467294331
1355,8,8,16,256,2,raytrace,615724662
1356,8,8,16,256,32,cholesky,1.494E+11
1357,8,8,16,256,32,fmm,16911416189
1358,8,8,16,256,32,lu,58974812852
1359,8,8,16,256,32,ocean,19714851253
1360,8,8,16,256,32,radix,17555463631
1361,8,8,16,256,32,raytrace,615724662
1362,8,8,16,256,4,cholesky,1.3323E+11
1363,8,8,16,256,4,fmm,16934908949
1364,8,8,16,256,4,lu,58395772049
1365,8,8,16,256,4,ocean,19625750245
1366,8,8,16,256,4,radix,17500331382
1367,8,8,16,256,4,raytrace,615724662
1368,8,8,16,256,8,cholesky,1.41509E+11
1369,8,8,16,256,8,fmm,16912446498
1370,8,8,16,256,8,lu,58024303499
1371,8,8,16,256,8,ocean,19663937412
1372,8,8,16,256,8,radix,17532023744
1373,8,8,16,256,8,raytrace,615724662
1374,8,8,2,256,16,cholesky,1.37641E+11
797,32,4,8,32,2,fft,1785767500
1376,8,8,2,256,16,fmm,15128957500
1377,8,8,2,256,16,lu,52434980000
1378,8,8,2,256,16,ocean,17702532500
1379,8,8,2,256,16,radix,15563292500
1380,8,8,2,256,16,raytrace,600886250
1381,8,8,2,256,2,cholesky,1.15057E+11
741,32,4,32,32,2,fft,1787092500
1383,8,8,2,256,2,fmm,15254298750
1384,8,8,2,256,2,lu,52459960000
1385,8,8,2,256,2,ocean,18332792500
1386,8,8,2,256,2,radix,15475886250
1387,8,8,2,256,2,raytrace,600886250
1388,8,8,2,256,32,cholesky,1.37825E+11
699,32,4,16,32,8,fft,1791198750
1390,8,8,2,256,32,fmm,15126328750
1391,8,8,2,256,32,lu,53104151250
1392,8,8,2,256,32,ocean,17731760000
1393,8,8,2,256,32,radix,15556541250
1394,8,8,2,256,32,raytrace,600886250
1395,8,8,2,256,4,cholesky,1.21813E+11
753,32,4,32,32,4,fft,1792912500
1397,8,8,2,256,4,fmm,15139232500
1398,8,8,2,256,4,lu,52491155000
1399,8,8,2,256,4,ocean,17641292500
1400,8,8,2,256,4,radix,15502581250
1401,8,8,2,256,4,raytrace,600886250
1402,8,8,2,256,8,cholesky,1.30637E+11
747,32,4,32,32,32,fft,1796455000
1404,8,8,2,256,8,fmm,15153980000
1405,8,8,2,256,8,lu,52106696250
1406,8,8,2,256,8,ocean,17693133750
1407,8,8,2,256,8,radix,15539610000
1408,8,8,2,256,8,raytrace,600886250
1409,8,8,32,256,16,cholesky,1.4884E+11
1410,8,8,32,256,16,fmm,16923459801
1411,8,8,32,256,16,lu,58350695673
1412,8,8,32,256,16,ocean,19568064373
1413,8,8,32,256,16,radix,17558923240
1414,8,8,32,256,16,raytrace,615586049
1415,8,8,32,256,2,cholesky,1.26528E+11
1416,8,8,32,256,2,fmm,16991881750
1417,8,8,32,256,2,lu,58351761707
1418,8,8,32,256,2,ocean,20150999201
1419,8,8,32,256,2,radix,17470289515
1420,8,8,32,256,2,raytrace,615586049
1421,8,8,32,256,32,cholesky,1.49583E+11
1422,8,8,32,256,32,fmm,16917390838
1423,8,8,32,256,32,lu,58985701832
1424,8,8,32,256,32,ocean,19592866097
1425,8,8,32,256,32,radix,17557515675
1426,8,8,32,256,32,raytrace,615586049
1427,8,8,32,256,4,cholesky,1.33251E+11
1428,8,8,32,256,4,fmm,16925544712
1429,8,8,32,256,4,lu,58396739482
1430,8,8,32,256,4,ocean,19503433561
1431,8,8,32,256,4,radix,17503149370
1432,8,8,32,256,4,raytrace,615586049
1433,8,8,32,256,8,cholesky,1.41562E+11
1434,8,8,32,256,8,fmm,16928422718
1435,8,8,32,256,8,lu,58032617421
1436,8,8,32,256,8,ocean,19547175251
1437,8,8,32,256,8,radix,17534318718
1438,8,8,32,256,8,raytrace,615586049
1439,8,8,4,256,16,cholesky,1.39398E+11
791,32,4,8,32,16,fft,1796628750
1441,8,8,4,256,16,fmm,15020436250
1442,8,8,4,256,16,lu,52213418750
1443,8,8,4,256,16,ocean,17609946250
1444,8,8,4,256,16,radix,15520441250
1445,8,8,4,256,16,raytrace,599460000
1446,8,8,4,256,2,cholesky,1.1674E+11
814,32,4,8,32,8,fft,1797848750
1448,8,8,4,256,2,fmm,15148401250
1449,8,8,4,256,2,lu,52216308750
1450,8,8,4,256,2,ocean,18233617500
1451,8,8,4,256,2,radix,15428307500
1452,8,8,4,256,2,raytrace,599460000
1453,8,8,4,256,32,cholesky,1.40001E+11
759,32,4,32,32,8,fft,1808511250
1455,8,8,4,256,32,fmm,15013930000
1456,8,8,4,256,32,lu,52863317500
1457,8,8,4,256,32,ocean,17632372500
1458,8,8,4,256,32,radix,15517841250
1459,8,8,4,256,32,raytrace,599460000
1460,8,8,4,256,4,cholesky,1.23436E+11
803,32,4,8,32,32,fft,1810633750
1462,8,8,4,256,4,fmm,15030076250
1463,8,8,4,256,4,lu,52260927500
1464,8,8,4,256,4,ocean,17548233750
1465,8,8,4,256,4,radix,15462731250
1466,8,8,4,256,4,raytrace,599460000
1467,8,8,4,256,8,cholesky,1.32725E+11
688,32,4,16,32,32,fft,1815737500
1469,8,8,4,256,8,fmm,15024431250
1470,8,8,4,256,8,lu,51884075000
1471,8,8,4,256,8,ocean,17587653750
1472,8,8,4,256,8,radix,15493118750
1473,8,8,4,256,8,raytrace,599460000
1474,8,8,8,256,16,cholesky,1.39194E+11
729,32,4,2,32,8,fft,1893487299
1476,8,8,8,256,16,fmm,14957146250
1477,8,8,8,256,16,lu,52079508750
1478,8,8,8,256,16,ocean,17657032500
1479,8,8,8,256,16,radix,15489442500
1480,8,8,8,256,16,raytrace,592345000
1481,8,8,8,256,2,cholesky,1.16852E+11
723,32,4,2,32,4,fft,1897164709
1483,8,8,8,256,2,fmm,15032657500
1484,8,8,8,256,2,lu,52079687500
1485,8,8,8,256,2,ocean,18276663750
1486,8,8,8,256,2,radix,15397681250
1487,8,8,8,256,2,raytrace,592345000
1488,8,8,8,256,32,cholesky,1.40106E+11
705,32,4,2,32,16,fft,1903647394
1490,8,8,8,256,32,fmm,14953368750
1491,8,8,8,256,32,lu,52728272500
1492,8,8,8,256,32,ocean,17683622500
1493,8,8,8,256,32,radix,15494053750
1494,8,8,8,256,32,raytrace,592345000
1495,8,8,8,256,4,cholesky,1.23612E+11
711,32,4,2,32,2,fft,1960582811
1497,8,8,8,256,4,fmm,14973122500
1498,8,8,8,256,4,lu,52117702500
1499,8,8,8,256,4,ocean,17595551250
1500,8,8,8,256,4,radix,15435075000
1501,8,8,8,256,4,raytrace,592345000
1502,8,8,8,256,8,cholesky,1.32196E+11
717,32,4,2,32,32,fft,2008673557
1504,8,8,8,256,8,fmm,14948128750
1505,8,8,8,256,8,lu,51740703750
1506,8,8,8,256,8,ocean,17639481250
1507,8,8,8,256,8,radix,15463435000
1508,8,8,8,256,8,raytrace,592345000
